Book,B123,The Hunt for Red October,12.99,28,9/1/1984,656,Tom Clancy,Berkley
Software,S123,Starcraft,16.99,12,10/24/1999,700,1,CD,Game
Music,C123,Led Zeppelin,9.99,65,1/12/1969,700,1,CD,0:44:49,Rock,Led Zeppelin,Atlantic Records
Movie,D123,The Hunt for Red October,14.99,34,5/6/2003,7000,1,DVD,2:15:00,John McTiernan,Jerry Sherlock
TShirt,T123,Star Wars Tee,9.99,9,Cotton,Blue,Target,Large
DressShirt,R123,Long Sleeve,12.99,21,Cotton/Poly,Tan,Wrangler,16,34
Pants,P123,Jeans,24.99,15,Cotton/Denim,Blue,Levis,36,32
